"",0,1,2,3,4,5
0,1.060134,-0.546352,-0.205450,1.209442,0.036726,136.904764
1,-0.844341,-0.091294,1.724862,1.153446,-1.234914,156.421240
2,-0.094526,1.155948,-0.428693,-0.392627,-0.500839,-59.967029
3,0.489770,-0.739551,0.027801,-0.882449,0.964301,-50.583449
4,0.601500,1.873315,0.462507,-0.635150,0.010306,19.082291
5,-1.200966,-0.147966,0.964668,-1.100428,-0.612810,-100.890522
6,-0.039067,-0.922386,0.896108,0.872461,0.063983,122.931573
7,-0.885623,-1.619454,-0.400237,0.004188,-0.780566,-90.810421
8,-0.772180,2.124587,-1.047893,0.484496,0.652393,-26.548752
9,0.099339,-0.491488,-1.700608,-1.077062,1.340168,-186.062722
10,-1.783023,0.632834,-2.373841,0.076905,-1.240031,-229.567482
11,0.763390,-0.242992,0.620930,-0.304834,-0.311584,39.371297
12,-0.685271,-0.920277,-1.024715,0.078369,0.308899,-93.446535
13,0.048527,0.905295,-0.838462,0.791276,-0.283121,26.346736
14,-0.433181,-1.049219,0.801156,0.182980,-0.080036,34.829482
15,0.566410,0.348804,-0.700862,-0.292315,-1.320556,-57.042356
16,3.717116,0.471061,-0.033032,-1.266639,-0.902643,45.454001
17,0.511071,-1.293161,0.286522,1.967629,1.647236,222.721446
18,1.068210,0.643658,-1.218974,-0.015434,-0.050241,-23.462600
19,-0.391390,1.604461,0.303258,0.097785,-0.386616,22.120757
20,-0.583438,1.274677,2.099830,0.676155,-0.157109,176.229727
21,0.122304,-1.705511,0.629216,-0.592504,0.963843,-14.004401
22,0.622718,-0.772912,0.049838,-2.113063,-0.066996,-166.280290
23,-0.820558,0.448006,2.200258,-0.062403,-0.188407,97.218212
24,1.004982,-1.387350,-0.033770,0.816091,0.423360,106.274193
25,0.644694,0.707239,-0.596914,-0.250423,-0.564990,-30.331441
26,1.032902,0.094199,0.201430,0.813280,0.114418,133.518105
27,-0.905822,-0.188585,-1.311480,2.457133,2.830382,129.646665
28,0.693216,0.926202,-0.225170,-0.582684,-0.392239,-30.052925
29,-1.864760,-1.317104,1.091250,-0.462279,-0.388406,-75.240857
30,-2.001053,0.546216,1.096500,0.325251,0.209296,15.951555
31,-0.716160,-3.742490,1.026806,1.222724,-0.127221,99.997567
32,0.210343,0.283801,0.044517,0.930564,0.232860,101.050166
33,-0.205345,-0.700205,-0.996444,-1.336258,0.369600,-192.965025
34,-1.190866,1.330893,-0.504123,0.299252,0.520201,-37.692516
35,2.414071,2.256739,1.546189,-0.217513,-1.526292,189.863344
36,0.060373,-0.025974,0.850341,-2.489564,-2.151630,-192.852928
37,1.346464,-0.133134,-1.557040,0.303637,-1.042583,-23.853406
38,0.452617,0.908390,-1.971872,-0.589538,-1.238944,-160.958664
39,-0.922260,0.330381,1.296875,-2.985305,0.822495,-212.687922
40,-1.587488,-0.772387,-0.628220,-1.022650,0.230421,-206.643559
41,-0.208656,-0.798686,0.690567,-0.997448,0.638385,-55.723102
42,1.047321,0.959371,-0.359053,-1.094733,-0.477109,-68.884439
43,-0.195049,2.158304,-1.463718,2.030967,0.939218,114.916991
44,0.256730,0.209967,0.057822,1.197017,-1.401287,106.759967
45,-0.782665,-0.212899,0.546555,-0.257893,-0.830540,-36.498487
46,-1.325941,-1.094973,0.326598,0.521738,1.077992,9.353046
47,-1.220431,-1.195492,-0.807862,-0.480372,0.774729,-150.874837
48,-0.471877,-1.292651,1.183517,0.772180,1.766978,129.599996
49,0.873534,1.790476,-0.905702,0.131073,1.198145,27.883361
50,0.328430,-0.287195,0.418662,0.170553,1.057022,66.215664
51,-0.020150,-0.070132,0.273330,0.410268,0.416701,56.952006
52,0.239773,1.254479,-0.294394,0.859054,0.577741,88.999106
53,-0.831684,-1.126981,-0.659746,-0.931766,0.966504,-161.201765
54,-2.423192,-0.935341,-2.057620,0.722583,-0.413350,-187.273736
55,0.903595,1.473746,-0.434821,-0.358553,-0.403996,-8.086401
56,-0.473157,1.282528,-0.083357,0.159301,1.046866,14.000518
57,-0.627602,-0.232223,0.192410,0.077442,0.378029,-6.947652
58,-1.032663,0.228436,0.585467,-1.593476,-0.285602,-152.845093
59,0.033430,0.572446,1.136653,-3.213150,-0.953718,-219.795237
60,-0.004679,0.433973,-1.299468,0.912964,-1.679770,-16.085351
61,-0.936148,-1.163936,-0.791446,-1.197805,-0.453923,-215.827742
62,-1.101323,0.474423,-0.942314,2.307552,1.542276,121.714997
63,-0.327028,-0.269922,-0.073963,0.334777,-0.245523,4.529170
64,0.379711,-1.285361,0.321254,-0.328464,-0.365370,-10.286714
65,0.061906,0.301671,-2.000717,-1.154682,-0.441633,-227.244900
66,-0.310202,0.876631,1.637414,-0.644039,-1.627292,19.968414
67,-0.724936,-0.109710,2.498299,-0.402358,-0.413126,81.331574
68,-0.038626,-0.751822,0.795038,0.207730,-0.203285,55.894295
69,1.580042,-0.157300,0.797930,1.137864,0.304487,223.884153
70,-1.159719,0.668129,1.743157,0.736307,-0.228085,126.519540
71,1.091646,0.940798,-1.014692,-0.452444,0.148297,-42.978512
72,-1.016782,0.258700,1.949112,-2.967632,0.131495,-184.138916
73,1.833417,-1.497736,2.744681,0.789268,-0.323420,303.743672
74,0.595238,0.473544,0.454076,0.364298,-0.548618,85.520134
75,1.414014,-0.751817,1.238383,0.388094,0.491074,173.294805
76,1.172193,0.582423,-1.174346,-0.846836,-0.509189,-96.205135
77,0.468765,-0.137159,-0.800913,-0.574565,0.645407,-73.703317
78,1.199180,0.346126,1.560176,-0.020924,0.908182,163.730555
79,0.247239,0.235699,0.521765,-0.503372,-0.925658,-10.300733
80,1.449117,1.723673,0.250811,0.505719,0.392772,148.539213
81,-0.547542,-0.190302,-2.159646,0.809330,0.797850,-79.045830
82,-0.017584,-0.762417,-0.646318,0.512403,1.567579,15.993615
83,-0.170935,-1.096377,0.336705,-1.312508,-0.314233,-118.840667
84,0.708689,-0.928125,0.412179,-0.936492,0.374387,-31.093610
85,-0.206461,2.256019,1.078160,0.166351,-0.491645,90.120532
86,0.881715,-0.597797,-0.596350,1.254231,0.907067,119.123839
87,0.457317,-0.140432,0.335404,-1.460330,-0.305222,-93.924374
88,-1.145835,-1.452071,-0.393121,1.391803,-0.461080,27.167725
89,0.511699,0.557719,0.439643,-0.292791,2.871875,65.483357
90,0.481137,0.333298,-0.812802,-0.202248,0.800822,-33.677984
91,0.158997,0.245547,0.985352,0.891035,-0.502415,144.247299
92,0.583657,1.360930,-0.539358,1.434944,1.616556,154.611681
93,-0.168959,0.498432,0.109217,-0.807706,-0.235293,-70.399166
94,-1.904212,0.407435,-0.244860,0.033011,-0.501687,-99.360368
95,-0.596728,-0.090384,0.819402,-1.383512,-1.315619,-116.011560
96,0.104755,1.087284,1.244490,0.396141,-1.040664,116.021029
97,-0.755350,-2.122029,-0.122987,-0.501390,-1.159314,-122.720187
98,-0.325889,0.687672,0.263879,-1.853626,-1.110413,-169.687247
99,1.828121,0.809134,-0.238896,2.495762,0.020293,298.004964
100,0.082808,0.807161,0.789385,-1.948596,0.324290,-108.192186
101,-0.370300,1.014151,0.206615,1.583234,-1.545747,128.845406
102,-0.428415,0.003826,0.995343,1.042901,-1.898108,112.210182
103,0.295013,-0.847649,1.006199,-0.457384,0.396052,31.069891
104,0.974933,-0.620149,0.920473,0.997137,1.566207,202.673241
105,-0.899754,0.048178,-0.084096,-0.887080,0.565780,-116.972785
106,0.335233,0.201712,-0.848964,1.015291,-0.747991,45.425216
107,-0.568252,-0.688759,-0.878477,0.710495,0.281275,-20.522084
108,0.325602,0.415405,0.131031,-1.901519,0.029923,-141.819563
109,-1.650046,0.339722,-1.490409,0.237495,0.214473,-139.446903
110,1.834565,0.619976,0.836886,1.311287,-0.302717,253.784606
111,-0.705119,-0.130807,-0.122593,-2.135998,1.134654,-216.691950
112,1.738692,0.247387,1.112903,1.843738,-1.888104,290.712480
113,1.975631,0.648958,-0.231001,0.193678,1.606255,117.879495
114,-0.683447,1.096800,-0.681768,-0.627684,0.176183,-115.300342
115,0.610475,0.587743,1.304785,0.942007,0.574727,205.974273
116,0.673711,-1.341173,0.318388,0.617658,-0.568921,84.002261
117,0.615821,2.247378,-0.818066,0.644941,2.062648,83.111866
118,1.606218,-0.089444,-1.330297,-1.972256,-0.788155,-197.602525
119,-1.666576,-0.908415,-0.710672,0.165138,1.695489,-93.020810
120,2.376923,-1.899230,-0.314251,0.508210,0.624688,119.861473
121,-0.592934,-1.935067,-0.622596,0.622256,0.045389,-29.798219
122,-0.571338,-0.207258,-0.481874,-1.990229,-0.925128,-246.594113
123,-1.164086,0.250290,-0.671703,1.112338,0.776390,17.131896
124,0.193509,1.786231,0.881077,-0.237841,-0.967167,49.078021
125,-0.961835,-0.432229,0.685026,0.293504,-2.871252,-14.083392
126,0.208306,1.195214,-0.590322,-0.272310,1.080440,-25.687358
127,-0.961105,-0.383929,0.303911,-0.271957,-1.121632,-66.228459
128,-1.030921,0.397674,-0.624709,0.093040,0.275818,-68.906032
129,1.816508,0.056763,0.237117,0.243508,0.885061,129.273750
130,0.198751,-1.629875,-0.317918,-0.530288,0.561945,-68.361880
131,-0.018086,0.751580,0.939449,1.616196,1.515496,228.117789
132,0.778851,1.706959,-1.539843,1.773890,-0.318609,110.869303
133,-0.038363,-1.647007,1.068704,-1.217087,0.199132,-58.281823
134,-0.507764,-0.757635,0.585613,1.320729,-0.146187,121.663228
135,0.180511,-1.581907,1.330988,1.595070,0.131616,217.958259
136,1.502208,-0.343585,0.568796,0.531462,-1.714993,125.197146
137,0.739179,0.446968,0.517119,-1.030014,1.071260,-8.484653
138,0.891072,-0.479947,0.497954,1.062538,-0.027063,160.017102
139,1.125569,-0.078349,1.671237,-1.216299,-0.593755,37.968423
140,0.227480,-1.404321,0.968481,-0.592667,-1.694904,-17.963540
141,-0.655670,-0.421906,0.439404,-0.022435,-1.039028,-21.473881
142,-0.477359,-1.349895,-1.528835,0.298881,0.455657,-98.712142
143,-0.320800,0.664696,-1.583902,-1.390034,-0.877031,-240.778395
144,-1.932621,-0.863166,-0.099366,1.061474,-1.160652,-21.497559
145,0.546571,1.438634,0.647686,0.912550,1.744286,182.778104
146,0.342518,-0.222201,2.098975,0.738140,-1.343242,193.153693
147,0.734499,-1.638033,-1.147977,1.026574,-0.233824,32.721132
148,0.353900,0.848116,0.461923,-0.208452,0.581081,42.122999
149,-0.570682,1.036365,0.454949,-0.955486,-0.614477,-78.898476
150,-0.785442,-1.349466,0.960417,-1.140084,1.204656,-76.089076
151,0.378601,-1.156674,0.703620,0.322025,0.196264,79.709862
152,0.498932,-3.289300,-0.241362,-1.101998,2.663154,-92.410158
153,-1.095933,-1.522726,0.058479,-0.041068,0.362899,-60.437161
154,0.461087,-1.289938,-0.799587,0.856934,0.547472,40.275611
155,-1.686474,0.045218,0.661103,1.426124,-0.109750,91.849781
156,0.392189,1.015487,-0.382888,0.563456,0.346587,58.814289
157,1.057789,0.577539,1.206164,0.600216,-0.030285,181.700329
158,0.003101,1.112720,0.143890,-1.557035,-0.552765,-124.692555
159,0.608610,0.604213,-1.343415,-0.570885,-0.213923,-103.653714
160,-0.810119,-0.507920,0.282763,0.585807,-1.373860,11.153860
161,-0.591978,-0.261299,-0.375910,-0.448150,-1.448778,-110.351952
162,-0.585366,0.258541,-1.164804,-1.104975,-0.732969,-203.509606
163,-0.313461,0.137240,-1.909733,0.507207,-2.303693,-114.857167
164,0.401291,0.883456,1.781866,-2.014486,-1.206709,-56.158828
165,-1.078965,0.459505,0.663147,0.533990,-1.117724,31.687515
166,-0.534958,0.333826,0.748724,0.005764,-0.245020,23.723884
167,-0.196129,-1.969615,-2.071931,-0.144038,0.717846,-162.446556
168,-0.308143,-0.003450,-0.170199,-0.951122,-0.128925,-110.951848
169,-1.512003,-0.314583,-1.794186,1.143404,0.453374,-75.366662
170,-0.578087,-0.382841,0.266822,0.360617,0.877725,29.676386
171,-1.688507,0.234175,0.740889,-1.104440,0.269145,-121.981733
172,-0.014000,0.548322,-0.348456,0.038526,-0.142628,-14.942638
173,-0.205355,0.477631,1.097859,-0.641808,1.919722,30.731302
174,0.828054,-0.427821,1.402303,-1.286097,-0.370398,0.996338
175,-0.318551,0.483573,-0.236310,-1.099221,0.390304,-117.028489
176,-1.370585,1.387856,-1.872050,-1.188434,0.162559,-267.514122
177,0.752401,-1.068550,0.456557,0.041023,0.892141,65.463719
178,0.166865,2.613218,-0.679649,-1.451506,1.660022,-116.454151
179,-0.875149,-1.219929,0.424270,-0.886492,2.044209,-79.161310
180,1.063464,-1.803805,-0.127894,0.153807,-1.488685,16.202005
181,0.904419,0.456024,0.263811,-1.897296,-0.235277,-110.292350
182,-0.019187,0.300155,0.216467,-2.014771,-0.199287,-166.143953
183,-0.467857,-0.540270,0.027355,-0.842707,0.368728,-95.346467
184,1.623465,-0.214180,1.437961,0.364354,0.417758,197.720098
185,-0.465263,0.325432,0.894696,0.449633,0.688475,86.886725
186,-1.416902,0.343362,-1.697754,-0.212492,0.079117,-183.636849
187,-0.411282,0.026796,0.975947,1.328353,-1.315908,144.760852
188,-0.143512,0.680991,0.559436,-0.012448,-0.261047,31.309336
189,0.373954,-0.146189,-0.688257,0.440512,-0.830312,1.300819
190,1.360240,0.615744,-0.590880,-0.531485,0.447996,-11.431580
191,0.834633,-0.451078,-0.272257,-0.041178,-0.279297,8.560030
192,-1.261907,-0.556754,0.429232,-0.070631,1.140695,-27.699055
193,-0.587480,0.661737,0.784771,0.399037,-1.022852,52.284053
194,-0.409488,-0.056262,-1.726860,0.843669,0.814358,-41.202701
195,-1.280548,-1.602730,0.735091,1.529585,0.203876,110.486911
196,-0.789147,-0.910890,0.208125,-2.240185,0.539884,-224.877901
197,-0.226036,-1.315801,-2.466929,-0.962631,-0.925947,-274.861621
198,-1.817935,0.986381,0.677661,-0.725385,-0.217269,-95.954076
199,1.038587,0.350280,-1.064620,0.794723,-0.791078,44.761508
200,-1.043321,0.207001,0.443824,0.884784,-0.581294,54.848763
201,-1.156687,0.151239,-1.517556,-0.472831,-1.299788,-203.031319
202,0.038905,0.238567,1.212386,0.257504,0.080733,103.695992
203,-0.337828,-0.779082,0.030494,-0.644841,-1.478334,-97.191004
204,-1.422445,0.268822,0.383963,0.839098,-0.516115,31.529297
205,-0.018338,0.416311,0.745905,0.092150,1.037216,71.113288
206,-0.757516,-0.544378,2.580277,0.241823,-3.691052,97.097935
207,0.035962,-0.076153,0.315570,1.286463,0.282682,138.503754
208,0.684400,0.083348,-2.111390,0.521299,-1.113023,-67.552825
209,2.621285,1.445674,1.060137,-0.547304,-0.768091,140.104259
210,0.246017,0.764790,-2.231096,0.957413,-0.662783,-42.955109
211,-1.308722,0.655846,-2.598501,-0.243105,0.726462,-226.236893
212,-0.012084,0.025294,0.140272,0.509708,0.518195,60.248659
213,-0.319310,0.357415,-0.170337,0.660201,-0.268624,34.248561
214,-0.676385,0.152135,-0.516077,-0.318701,-0.819950,-99.511482
215,-1.341292,1.158318,0.218654,0.490251,1.127495,23.358984
216,2.439602,0.480604,0.278837,0.488443,-0.279683,171.504898
217,0.855168,0.351675,-1.021280,0.373707,0.676308,19.922381
218,-1.048195,-0.267323,0.172557,-1.503929,-1.265317,-188.550600
219,-0.862534,0.152940,-1.299460,-0.544641,0.107390,-165.325338
220,0.768240,-0.600049,0.440504,0.064145,0.536908,67.908462
221,0.772309,1.419226,-0.052388,0.023010,-0.944589,36.567558
222,1.523827,0.073331,0.140527,-1.963076,1.880872,-73.816254
223,-1.827744,0.021999,-1.207025,-0.502379,-1.213534,-216.763774
224,0.048883,0.468717,-1.924689,1.982279,-0.383294,58.911951
225,-0.064138,-0.041393,-0.460611,1.327638,-1.595353,66.463489
226,-1.577312,-0.231392,-0.814558,1.470115,0.787784,16.935100
227,0.773334,1.997804,0.167750,-0.595073,1.551177,32.154639
228,1.498848,1.445730,1.426932,0.206627,-1.835876,167.087401
229,-0.638182,-1.292167,0.144403,-1.512161,-1.864941,-190.968046
230,0.056645,-0.760995,-0.846206,0.765579,0.153429,12.046308
231,-0.514406,-0.945393,-0.148708,0.762117,-0.451189,20.154310
232,-0.443677,-2.096955,-1.499145,-0.004485,-1.623276,-155.784606
233,0.661672,0.460108,1.403503,1.045450,-0.071983,214.045731
234,1.542892,-0.037797,1.270569,-0.064271,0.250967,145.150405
235,-0.061257,1.915835,-0.591254,-1.032354,-0.541850,-118.070030
236,0.422020,-0.195601,0.667883,-0.711395,0.457708,0.942081
237,-1.255879,-1.242276,-1.079544,-1.046216,-0.231714,-232.603068
238,-1.620108,-0.261400,-0.002028,-0.156061,0.733536,-80.161262
239,-0.274628,0.860409,-0.201211,-0.691076,-0.508221,-83.630532
240,0.147440,-1.048379,0.013588,0.168569,0.448187,17.037908
241,-0.446789,0.814324,-0.182116,1.985130,0.934274,165.465185
242,0.532463,-1.593379,-0.024857,-0.538858,0.630433,-34.489969
243,-0.645803,-0.394569,-0.608350,2.092140,-0.207850,112.832725
244,-1.564100,-0.739261,-0.015608,0.782900,1.016461,3.592981
245,-0.803177,-0.557280,0.422747,-0.255597,-1.759143,-59.970141
246,-0.373923,0.293706,-0.178857,2.348398,-1.730403,162.845131
247,-0.355723,0.289274,-0.297657,1.030273,0.629196,68.165411
248,-0.191531,-0.393346,-0.664373,-1.583336,-1.019832,-207.645514
249,0.284008,0.146628,-0.048784,-2.006747,1.509895,-149.049719
250,0.261166,-0.416706,-2.275282,0.958495,0.309098,-45.188727
251,-0.454683,0.043895,-0.062633,-0.453559,0.255398,-61.057783
252,0.994594,-1.212821,-1.848919,1.637203,-0.869609,51.950546
253,0.430757,-0.086724,-0.179168,0.475457,0.619866,57.215846
254,-0.814069,-0.761789,0.373530,1.049938,-1.720468,51.195443
255,0.770585,-1.072877,2.075253,-0.227078,0.750955,141.684636
256,-1.018674,1.094757,-0.853978,1.410738,-2.991989,1.229863
257,-0.198289,1.052365,-1.610610,1.034571,0.713815,2.750018
258,1.055315,-0.811712,0.191106,-0.362297,1.493013,36.729278
259,0.360863,-1.319872,0.482253,-0.486745,-0.234490,-13.860005
260,0.660386,0.509131,-0.491421,-1.342249,0.516405,-108.928030
261,0.889241,1.920456,-1.266875,0.730383,-0.310304,42.036407
262,1.139860,-0.615576,-1.103921,-0.951055,0.099797,-107.788725
263,-0.582882,0.953605,0.315356,-0.720163,-0.530935,-67.110631
264,-0.801764,1.037874,-0.696217,0.829354,2.258590,33.450325
265,0.306199,0.394896,0.432869,-0.918431,0.760040,-27.642612
266,-1.221945,-0.065894,0.347458,0.395488,-1.295734,-14.621067
267,-1.150690,-0.577914,0.359929,-1.466451,-0.632074,-173.492506
268,1.482380,-0.769552,-2.092902,0.319059,1.457106,-25.708154
269,0.148667,0.980902,-1.273264,0.028952,1.690209,-38.977368
270,-0.364653,-0.122087,1.240713,-0.391055,0.073950,25.830498
271,-1.000723,-0.680659,0.899885,-0.324666,0.389963,-19.860316
272,-1.512253,-1.428100,-0.599939,-0.307001,0.297335,-143.717518
273,3.396199,1.966935,-1.274134,-1.287125,0.630581,-13.635067
274,0.545874,-0.645359,-0.151821,-1.048719,-0.810200,-95.274453
275,-0.063140,0.096154,0.021105,-1.190478,-0.701768,-115.191775
276,-0.311250,1.904997,1.757890,0.620298,-0.739678,161.876434
277,-1.054341,-0.225068,0.043734,0.001367,-0.918194,-58.215516
278,-0.264218,-1.308742,-0.489998,-1.033331,-0.839931,-158.427430
279,-0.141105,1.085736,0.230773,0.792696,-0.664224,81.691899
280,1.521820,0.127380,0.012723,0.741862,-0.525937,129.833637
281,-0.480870,-0.973692,-0.769975,2.091341,0.579107,113.760014
282,0.292330,-1.709896,0.083930,0.195175,0.715774,26.851202
283,0.436970,0.046277,1.519471,-1.929318,0.424156,-51.846215
284,-1.012100,0.755701,0.034207,-0.760496,-0.788017,-112.511106
285,-0.763460,1.764730,-0.117120,0.671761,0.383940,41.504969
286,0.500388,0.167910,0.484075,-0.340476,0.176200,26.232367
287,0.373601,-1.402014,0.273392,-0.145179,1.317442,22.438882
288,-0.219347,-0.036169,0.156621,0.424591,0.939795,48.997527
289,-0.045952,0.273647,-0.656508,-0.000527,0.862860,-29.524805
290,0.081029,0.526748,-0.235530,0.205529,0.694863,21.419730
291,2.480379,1.082392,-0.436591,-0.536510,1.189024,62.118856
292,-0.500755,-0.320838,-1.738941,0.306238,-0.143001,-108.697817
293,1.501986,-0.328646,1.843090,1.627904,0.266133,326.784132
294,1.374080,-1.082109,0.557799,-1.497584,0.024319,-48.127546
295,0.454066,-0.637944,-0.003485,-1.240985,1.921405,-73.391389
296,-0.312111,-2.016450,0.921138,-0.856030,-0.863200,-64.443952
297,-0.897965,0.174232,0.612660,-0.985096,-0.961364,-99.967367
298,-0.825287,1.199603,2.502030,-0.091280,-0.381775,118.754260
299,0.128429,0.204225,1.593782,0.986586,0.531768,201.468994
300,-0.075310,2.083874,0.031346,1.278841,-0.928873,122.813148
301,0.693722,-0.572558,0.295386,0.035259,0.008240,46.896108
302,0.363418,-0.545120,-0.226632,-1.199572,0.852208,-99.870251
303,-1.346982,2.051947,-0.573213,1.299602,0.444533,46.625052
304,0.286442,-0.331533,-1.748865,-0.776563,0.172921,-166.883876
305,0.029436,-0.488554,1.714172,-0.412759,0.710647,75.045175
306,0.275153,1.452144,0.969141,0.561731,0.520297,144.494761
307,0.031346,0.278519,0.731148,-0.343724,1.037644,32.179013
308,-0.231508,-0.308023,-0.282881,0.836116,0.786146,52.947246
309,-2.048107,-0.044621,0.709944,1.322325,-0.299244,66.131050
310,-0.720577,-0.277452,0.353794,-0.701118,0.392552,-70.587323
311,-0.937163,0.103998,-2.387677,-0.569796,-0.351574,-244.817744
312,-0.356881,0.807204,-0.018922,-0.785422,2.441585,-48.483326
313,-1.038249,-0.241292,-0.172347,-0.665540,1.552095,-99.763045
314,2.053423,-0.053174,1.203419,0.102617,-1.447152,157.545469
315,-0.014843,1.405631,0.312084,-0.714780,1.370921,-13.258370
316,0.419215,0.154392,0.441545,-1.116769,0.561225,-44.623071
317,0.208808,-0.443937,-0.269175,-0.281066,-0.681408,-45.442142
318,-1.044108,0.392640,-0.323067,2.014623,-0.417768,111.735022
319,-0.426904,1.077900,0.803141,-0.279307,-0.254021,14.276116
320,0.828270,0.622225,1.108957,0.075469,-0.363534,114.866857
321,-0.207722,-1.407538,1.844764,-0.888826,-0.931179,0.197268
322,-0.056888,0.899988,0.617960,1.928098,-1.544345,197.913630
323,1.236587,0.054157,0.557551,-0.415820,-0.084157,52.488266
324,0.801289,0.883627,-1.201381,-0.014793,1.151809,-16.772123
325,-1.168955,-0.476287,-0.417116,-0.794194,-0.723123,-162.996308
326,-0.900080,0.486676,-0.127523,-1.100137,-1.156336,-155.524818
327,1.926421,-0.281136,-0.515799,0.552907,-0.165376,98.313576
328,0.082588,0.279758,1.037250,1.516755,0.297921,210.025749
329,-0.161484,0.565820,0.115917,-0.043631,0.636805,9.974617
330,-0.831463,-0.093000,0.189182,1.246523,0.594557,92.127453
331,-1.434951,-0.578320,-1.995895,1.307466,0.052496,-77.521138
332,-0.071983,0.702931,-0.118324,-1.295930,0.268495,-115.311645
333,-1.774689,0.613721,-1.545223,2.022932,0.172938,13.107324
334,0.321173,0.795914,1.108799,-0.567328,0.282129,44.762224
335,1.046923,-1.223351,0.291070,1.308824,2.243588,196.414915
336,-0.589625,0.405650,-1.575800,-2.189093,1.145868,-301.361863
337,-1.131238,0.528465,0.254960,-1.077680,-0.875494,-135.825316
338,-0.583534,1.204095,0.927649,-0.375817,1.255950,26.282578
339,-0.729327,1.240924,1.014649,-0.443894,1.277525,19.857039
340,0.216886,-0.759683,0.659319,0.990470,0.335204,135.149371
341,-0.888552,0.691126,1.610454,0.489020,-0.843657,101.047768
342,-0.346304,0.222919,-0.038205,0.545894,-0.148660,31.136324
343,-0.326534,0.529864,-0.839078,-1.036597,-2.571146,-185.520736
344,0.605288,-0.450575,-0.011964,0.580107,-0.181587,71.104399
345,-0.130073,-1.483974,-0.304247,0.292651,-0.472443,-19.959476
346,-2.589529,-0.780067,1.641812,-0.180873,0.214630,-35.241103
347,-0.448798,0.519714,0.637928,-0.670442,0.902855,-23.499351
348,-0.722188,0.211351,-0.852391,0.590645,0.889178,-19.734195
349,-0.076882,-0.860385,0.115660,0.682700,-0.764764,46.337397
350,-0.826347,0.531972,0.550399,-0.195992,-1.228314,-29.711583
351,-0.103881,0.853493,-1.785851,1.672605,-0.637476,34.131139
352,-0.088951,0.042793,0.554484,1.710685,1.435155,201.076896
353,0.223039,-0.333884,1.673691,-2.430903,-1.970814,-129.968336
354,0.636879,-0.558685,-0.556281,-0.472538,1.691090,-33.150371
355,0.148169,-1.994583,-0.894037,-0.800877,0.321273,-137.293234
356,0.664040,-0.118416,-0.090591,-1.816611,-0.169481,-141.090265
357,-1.287260,-1.233535,-0.333335,0.380529,0.113156,-56.157105
358,-0.069203,-1.852804,0.296413,1.003005,-0.423061,80.129558
359,-0.842196,-1.474650,0.153108,0.653743,-1.182719,-0.148977
360,0.710449,1.301329,-0.170620,-1.737736,0.100427,-118.812584
361,1.586301,0.618632,-0.544248,-0.335861,-0.122099,12.029815
362,-1.659273,-1.196527,-0.651648,0.749155,1.618889,-40.865322
363,-0.227869,-1.602970,-1.882358,0.908609,0.963000,-51.469511
364,-0.815703,-0.686265,-1.566587,0.178184,-0.612985,-133.241407
365,0.463723,-0.000962,0.965292,0.283471,0.036061,106.548712
366,1.020126,-0.811873,0.531894,-0.204741,-2.045413,26.727907
367,1.402735,-1.298282,0.684502,-1.205624,-0.308967,-19.334244
368,-0.427020,-0.294059,0.934616,-0.053453,-0.559826,24.388768
369,0.424860,1.619601,-1.339315,-1.064259,-1.129803,-156.414044
370,0.038611,-0.651785,-0.687052,0.802155,-0.577843,16.475203
371,1.303813,-0.534997,1.326568,-1.424182,-0.570594,1.743139
372,0.602622,1.019824,1.638900,-0.610009,0.351163,89.886144
373,-0.190344,0.113264,0.306809,-1.560437,-1.579866,-146.692740
374,0.318838,-1.121085,-0.030794,-0.155066,0.103286,-11.906106
375,0.973784,1.014436,-1.676788,0.109592,-1.401923,-57.805766
376,1.038843,-0.046349,-1.009717,0.600430,-0.494728,30.506494
377,-0.789565,-0.821148,0.212454,-1.570807,-0.606979,-178.118894
378,-1.035269,-2.736722,0.528204,-0.447907,-0.345237,-86.214717
379,-1.262432,-1.128724,-1.275105,0.506565,0.618257,-95.173558
380,0.056899,1.104197,1.004383,-0.514427,0.458004,36.469895
381,-0.601268,-0.761633,-1.163075,-0.979692,0.457457,-188.973274
382,0.825315,-0.099655,-0.741640,-0.054392,-0.511492,-21.568799
383,-1.747310,-1.297247,1.653632,1.245198,-1.284313,106.341779
384,1.388939,0.275623,-0.484815,-0.454895,-0.184217,-7.971459
385,0.997270,1.205081,0.994330,1.093642,0.201202,219.135999
386,-1.504421,0.574273,-0.877180,-0.042506,-0.937816,-131.372343
387,0.950389,-0.935365,1.322635,-0.695566,1.465980,71.338018
388,0.077918,-0.971205,0.770238,0.383831,0.361731,80.019054
389,-1.035035,-1.325700,2.207719,-0.085672,0.321598,73.759187
390,1.017147,-1.124449,-0.937743,-0.348406,-0.431649,-61.205204
391,0.630708,-1.404858,-0.948031,0.450612,1.388629,11.697787
392,0.928598,1.491722,0.750448,-0.095820,0.540760,102.106331
393,-1.469833,0.476555,1.295542,2.293171,-0.024628,223.822302
394,0.053512,1.664820,-1.091832,0.384621,-0.474010,-19.776116
395,0.766682,0.196162,-0.149582,0.589407,-0.838815,69.392174
396,-0.668050,1.064382,0.630884,-0.591104,0.133163,-30.460708
397,0.207529,-0.651273,1.623762,-2.256828,-1.064025,-110.408966
398,1.124725,0.758514,-0.648569,0.475627,0.923261,71.528754
399,-0.499199,1.066708,1.358349,0.102584,-0.503919,76.311136
400,-1.554862,0.569233,0.275231,-0.376709,1.682996,-59.167802
401,-0.291610,0.633222,-0.743077,-0.619212,0.255704,-104.847861
402,0.023253,-0.394462,2.670824,-0.296661,0.830688,147.073083
403,-0.214775,-1.184543,0.794264,1.138326,-0.334987,124.606350
404,-0.820850,-1.054701,0.860605,0.987353,-1.169996,79.125990
405,0.147935,-0.415888,-0.701233,0.427855,-0.639573,-11.295187
406,-0.196358,0.890499,-1.691940,0.245666,-0.915998,-94.369122
407,1.613455,-0.435497,-1.068995,-0.778717,-0.061684,-69.111249
408,-1.778026,0.723580,0.799996,-0.139220,-0.544403,-41.383070
409,1.625317,0.467783,0.819734,0.227528,0.187455,151.414137
410,0.283337,0.259483,-0.308126,0.947881,1.570139,100.030372
411,-2.348644,1.110002,-1.200663,0.994582,-1.211669,-94.878344
412,-1.776890,-1.329985,1.003624,0.654408,0.189390,29.755658
413,2.281203,-0.326610,1.260732,-1.185936,-0.090833,70.424893
414,0.493300,0.003583,-0.693061,0.739941,0.594045,52.153847
415,-1.468048,0.076888,-0.013074,-1.267921,-0.956046,-190.550160
416,-0.613418,-1.748389,-0.802512,0.719354,1.708748,-10.672137
417,1.040017,-0.473062,3.367265,-0.292076,0.013191,225.653874
418,-0.393267,-0.637351,-0.503151,-0.954293,-0.153983,-142.416193
419,0.744865,0.437964,-0.523366,-0.377188,0.211669,-25.760607
420,2.527382,1.818522,-0.661901,-1.016942,0.248311,3.464069
421,-0.899621,1.140582,0.086098,1.043823,-0.500277,63.983911
422,1.126259,1.421398,2.968850,-0.218630,0.120400,232.431675
423,-0.670728,0.230217,-1.269949,-1.248534,-0.200629,-220.304890
424,1.855526,-0.076715,2.142537,0.404553,-0.276930,248.534605
425,1.281380,0.376773,0.716700,1.069962,0.182199,203.560639
426,0.843714,2.114244,0.427453,-1.337076,1.071034,-19.399422
427,0.027837,0.067979,1.322651,-1.181859,-1.394797,-38.142071
428,-1.387929,-0.482353,0.938053,-1.590613,0.566146,-143.345138
429,-0.601648,0.044104,-0.216528,0.104731,1.738234,-9.346940
430,0.604887,0.948865,-0.617882,0.395010,0.406886,38.683579
431,-0.041038,0.793465,0.741221,-0.421062,-0.378709,10.371095
432,-1.494152,1.157583,0.510992,0.046030,-0.445190,-24.303178
433,-0.298600,-0.419682,-0.371417,1.459913,-0.750446,79.893583
434,0.077040,-0.967289,-1.071470,0.238233,0.234341,-49.445618
435,1.374451,-1.245816,0.862564,-0.044981,0.463563,103.867540
436,-0.244777,-0.513719,-0.375587,1.751508,0.498346,122.414677
437,0.045135,0.394644,-1.592444,0.858882,-0.463983,-22.223374
438,0.029020,0.626470,1.270809,1.615678,0.591971,238.373155
439,0.268997,-1.331004,-2.690579,-0.435114,2.324878,-179.535034
440,-0.342557,0.173144,-1.580389,1.872607,0.899568,65.689109
441,0.011791,0.679272,-0.249534,-1.494399,-1.229809,-156.138775
442,-1.236326,2.476524,0.054807,0.746966,0.991233,52.933693
443,-1.174230,1.604276,-0.414558,-0.998231,-0.250099,-153.448636
444,-0.649540,0.189879,1.310527,-0.150442,-2.142006,14.641256
445,-1.267874,2.600074,0.675032,-0.521403,-0.624934,-41.488504
446,0.374027,1.334113,-0.706013,-0.127336,0.004709,-24.477400
447,-0.269376,-0.261589,1.878139,-1.265489,0.675163,-2.055717
448,-0.184033,-0.268513,0.973309,2.770258,-0.159093,294.341896
449,0.027233,-0.691890,1.945745,2.076163,-0.039870,299.802766
450,-0.662760,-2.911519,-0.231391,0.166770,-0.451061,-65.399254
451,-0.778299,-0.640713,-0.078236,1.080246,-0.851696,39.250006
452,1.003961,-2.212972,0.343212,0.202658,-1.223707,46.050325
453,-0.550954,-1.313716,-1.424787,-0.358116,-2.002035,-183.900478
454,0.618286,0.055945,0.030531,0.674703,-0.705888,81.610893
455,-0.871188,0.601994,-0.116399,0.245272,-0.425614,-23.359020
456,0.076562,-0.769885,1.313259,1.212670,-0.185483,182.908251
457,0.741398,-0.515993,0.116920,-0.206030,1.881627,39.992312
458,-1.374872,0.689329,0.210823,0.555469,1.772245,30.161930
459,-1.655849,-0.525989,-0.864891,-0.537591,0.241279,-178.333769
460,-1.208102,-0.369222,-0.836889,-0.641860,-0.557634,-174.151319
461,1.240915,0.006991,2.087730,0.087928,-0.407808,188.566326
462,0.068325,-0.643681,1.527020,-0.695881,-0.143114,27.821262
463,-0.531618,0.985253,2.715824,-1.201828,0.294277,52.179724
464,1.096055,0.025846,0.214451,1.621596,0.760193,216.463955
465,1.184788,-0.174822,0.346110,1.439163,-0.445760,195.507910
466,1.024501,-0.476596,-0.397395,-0.887650,0.296197,-58.986738
467,1.105571,1.807224,-1.515392,1.276994,-0.031088,87.380944
468,0.714933,0.008426,1.673179,-0.336596,0.048267,107.321067
469,0.117899,0.277689,-0.672116,1.056176,-1.401753,43.164517
470,-0.015375,-1.081401,0.388852,-1.009726,0.491775,-71.602513
471,0.363072,0.904324,1.781252,0.978013,2.828722,258.692591
472,0.305457,-0.456911,1.002510,0.164736,0.245452,88.940700
473,0.691183,-0.018290,-1.115319,-0.548782,0.290900,-84.211866
474,-0.176303,0.234057,0.726762,-0.121876,-0.766559,19.409782
475,0.998739,-0.203275,1.465144,-0.432813,1.935615,119.200101
476,-0.062805,-0.803849,-0.730911,0.754772,0.801533,20.365352
477,-0.181924,0.334380,-0.630140,-1.267867,0.130591,-155.361213
478,0.036210,-1.003736,-0.313425,1.425522,1.495612,117.170396
479,1.096591,0.920069,0.813520,1.350166,0.902387,240.877482
480,-0.378104,-0.203630,0.147559,-0.161543,-2.466370,-54.660032
481,0.126666,1.446760,-0.100860,1.270858,-0.582407,120.345982
482,-0.289315,0.306025,2.688302,1.790882,-0.785835,307.632744
483,1.514007,-0.283083,-1.329033,0.823922,-0.327761,51.202989
484,-0.274983,-0.304940,0.318764,-0.498935,0.645465,-32.071944
485,1.436452,0.483972,0.118684,0.990677,0.437098,170.416368
486,-0.866119,0.026921,1.272790,0.158770,-0.720465,46.177541
487,-0.742475,-0.685980,-0.772435,-1.965453,0.962501,-251.760170
488,-0.243713,-1.273299,0.364249,-0.795072,-0.652316,-80.498298
489,-0.623200,0.515065,-0.495525,0.551781,0.618321,3.336669
490,0.541030,0.256785,-0.008193,-1.715275,-0.192091,-128.742531
491,0.298961,-0.269739,0.482624,-0.905754,0.026186,-39.705512
492,0.241649,0.204786,0.577894,0.827411,0.610696,130.137393
493,1.930823,0.707447,-1.302942,1.890405,0.271672,184.243986
494,0.105560,-0.143997,0.261728,-0.786229,-0.586494,-57.909636
495,-0.720369,-0.358703,0.916724,-1.138552,0.210585,-77.784161
496,0.716644,-0.201695,-0.118824,2.182122,-1.168824,202.557654
497,-0.911306,-1.565986,-0.921494,-0.360366,-0.751012,-156.086685
498,-1.639822,-1.311556,0.069302,0.007043,1.184442,-67.550307
499,0.100004,-0.064372,-0.850328,-1.129827,-0.544323,-156.425990
500,-1.983001,-0.602445,0.428782,1.046636,0.871442,35.549804
501,-0.055019,1.629910,0.225511,-2.107736,0.443437,-153.644909
502,-1.008523,0.684206,-1.400486,-0.725703,0.857236,-179.179176
503,-0.916110,0.235246,1.337634,0.846977,-1.129456,106.396573
504,0.455912,1.132220,-0.547624,0.945196,0.955629,94.235397
505,-0.963866,-0.913814,-0.268484,-1.209270,-0.446511,-182.551042
506,1.600935,0.232240,0.760206,1.270219,0.722985,243.706126
507,-0.384484,0.272838,0.487183,0.113626,-1.478238,7.877898
508,0.901960,1.977893,0.336177,1.371900,-1.496891,185.678655
509,-1.093032,0.013210,0.311821,0.189390,0.099353,-11.208487
510,0.558476,0.531967,0.025137,-0.522348,0.237283,-11.523233
511,-0.546549,-0.619488,0.881765,0.034915,0.072806,27.933602
512,0.076877,0.528625,-0.499393,-0.039722,0.008299,-25.540054
513,1.395468,-0.164254,0.504736,0.089461,-0.298460,96.575388
514,0.215652,-0.253919,-0.247706,-0.186384,0.183044,-22.885408
515,-1.845903,-2.594121,-0.252506,0.096920,1.490017,-98.599560
516,0.528983,0.018264,0.044711,-0.318722,-1.137095,-15.824508
517,-0.293133,-0.390461,0.743084,0.110506,0.089141,39.980116
518,2.248428,-0.427900,-0.996784,-0.448344,-1.581604,-25.438101
519,-1.463284,-1.540627,0.323879,1.672681,-1.362580,70.450130
520,-1.670092,-0.207161,1.977556,-2.323742,-0.870014,-171.366479
521,0.268634,0.948720,0.069841,-1.156277,-0.203941,-79.273340
522,1.007495,0.724290,0.547443,-0.911445,-0.733771,-3.637072
523,0.442050,0.680083,1.056180,0.686611,-0.113740,152.504765
524,-0.903863,-0.469005,-0.880325,-1.007865,-1.596736,-209.743014
525,1.197961,-1.162702,0.625891,0.816428,1.690634,174.047408
526,1.127781,-0.734978,1.361918,-1.131613,1.259900,42.578860
527,-0.846916,-0.366926,-0.924727,-0.699081,-0.581166,-169.044015
528,-1.396638,-1.645294,0.320136,-1.713762,0.715877,-203.618126
529,-0.421042,-0.495755,-1.361242,1.317133,1.091074,21.890297
530,-1.207134,0.006289,0.463946,-0.763505,0.046635,-92.556792
531,-1.285980,0.133511,-1.093683,-1.435225,0.145440,-250.240880
532,-0.988397,0.839362,0.234744,0.078834,-1.300778,-29.882780
533,-0.918892,0.661087,-1.314010,0.824650,0.009393,-42.439866
534,0.167202,-0.999855,-0.889560,0.352899,-1.358800,-43.974799
535,-1.161657,-1.028369,0.594670,-0.626980,0.879665,-70.717174
536,0.191087,0.900484,1.104478,0.302677,0.547577,120.545948
537,0.306015,0.935914,0.965316,-1.098814,-0.115392,-15.530265
538,0.110913,0.467185,-0.693687,0.666662,0.390068,30.837313
539,0.667431,-0.193939,1.045876,0.744534,-0.583747,152.203049
540,0.162478,0.233224,0.622242,-0.308288,-1.003625,8.792031
541,-0.580819,0.193517,-1.040434,0.912472,0.517888,-1.158963
542,-0.798779,1.035812,-1.047955,0.226159,-0.450613,-75.621572
543,0.409939,-0.457286,-0.646957,-0.451570,-0.102170,-68.069946
544,0.392219,0.747558,0.286306,0.532076,0.944088,102.345216
545,-0.396607,-0.082085,0.125798,0.656909,-1.121564,33.897698
546,-0.486313,-0.789978,-0.600742,-1.036652,1.417300,-142.345718
547,1.229902,-0.597829,1.036347,1.354873,1.691534,255.126411
548,0.729816,-0.115046,0.318395,-3.161590,0.811309,-220.303581
549,0.699135,-1.131574,0.984546,-0.747060,-2.033566,-10.965150
550,-0.744309,0.315536,0.714699,1.509823,-1.248609,133.597401
551,0.232681,1.105028,-0.621540,0.542721,-1.292157,15.678742
552,0.697560,-1.569320,1.435775,1.550187,-1.025289,229.704101
553,-0.104784,0.261024,-0.951678,0.813421,1.469667,29.278645
554,-1.266147,-0.079804,-0.591569,-0.470130,-0.961876,-148.167813
555,0.817601,0.083568,0.515713,0.387176,1.544237,123.184610
556,0.665770,1.240200,0.613771,-0.064615,0.039647,75.883319
557,1.145712,-0.622123,1.108324,-1.820326,-0.784431,-57.928010
558,0.401200,0.516872,-0.375738,-0.091294,0.009719,-8.110256
559,1.600426,-0.216107,1.352726,-0.453441,-0.917026,102.011555
560,0.036701,0.598061,0.847403,0.314222,-1.101872,75.176779
561,-0.600579,0.333303,-1.310460,-0.766178,1.376281,-156.483644
562,-0.291854,1.267649,-0.926625,-1.109702,-0.884661,-167.214259
563,-1.246073,-1.149111,0.034189,-0.706352,-1.582220,-148.223029
564,0.303366,0.272185,0.212071,0.942173,-1.357586,96.730255
565,-0.058767,-1.027187,-0.625703,0.983920,-0.983782,23.276729
566,1.825623,0.297555,0.041596,0.829378,0.989260,173.530181
567,-1.443682,-0.221946,0.661248,0.139495,-0.333319,-17.521576
568,-0.081988,-0.427798,-0.537990,1.161413,-0.903565,50.623804
569,0.330523,-1.397706,0.071535,0.582113,0.229669,59.242761
570,0.475583,-0.085601,0.409575,0.582521,-1.143605,83.724007
571,-0.469100,-0.399188,0.446380,-0.009633,0.858994,12.398419
572,-0.318649,-1.099414,-1.855971,2.328496,-0.420946,60.687211
573,0.056898,-1.302981,-0.223515,0.080944,-0.862835,-28.267283
574,0.709204,1.245514,0.218333,-1.754073,1.068332,-84.616913
575,-0.621835,0.008769,-1.143146,1.173745,-0.118153,3.927648
576,0.031055,-0.295865,-1.092268,2.710848,0.575599,178.746135
577,1.399391,0.333920,0.099711,0.768359,0.152428,142.522987
578,1.316687,-1.614846,0.321055,0.030057,-0.942580,53.057317
579,-0.030152,0.952986,0.035154,2.230207,-0.774415,199.887467
580,-1.266063,2.080953,0.181664,-1.073153,0.295064,-115.362330
581,-0.758414,2.610493,0.215989,-1.011214,0.918140,-71.885949
582,-0.507396,0.387620,-0.132070,-1.323754,-1.173483,-159.361432
583,0.188600,1.226095,-0.319865,-1.704016,-0.126973,-151.956705
584,0.748759,-0.261001,-0.826689,-1.237605,0.832848,-120.857382
585,1.073770,-0.420175,-0.396193,-0.451121,1.758855,0.626975
586,-1.144009,-1.726228,-0.799840,-0.209916,0.358055,-133.339943
587,-0.620989,-0.118155,1.620091,0.153900,1.173147,100.154413
588,0.594550,-1.366979,-0.352794,1.209303,-0.792776,88.230814
589,-1.298703,-0.682309,1.310572,-0.303362,-0.645691,-18.654848
590,0.970013,1.049354,-1.152317,-0.632407,0.328906,-69.624318
591,-1.210264,-2.241585,1.917082,-0.199038,-0.159342,22.183996
592,-0.224983,-0.848092,0.319961,-1.096895,-0.084935,-97.708690
593,0.969762,0.651930,0.090027,0.641964,2.610999,145.213953
594,0.564884,0.754059,-0.775672,-0.707734,0.183265,-75.989867
595,-1.744202,0.046344,-1.572532,-0.384254,-2.609133,-241.874855
596,0.540909,1.128537,-0.016016,1.032368,-0.101715,125.728154
597,0.133254,-0.562422,0.407646,0.091788,-0.622088,25.801562
598,0.750900,-0.682412,1.479666,0.661171,-0.351720,173.048360
599,-0.010378,-0.591738,0.173173,0.173580,-1.590828,-0.167858
600,-0.545847,-0.257203,0.423171,-0.874764,-0.289403,-82.342193
601,-1.176269,-0.280488,-0.020839,0.057713,0.494228,-45.637410
602,-0.780962,0.534430,-0.181954,1.572199,0.682228,107.634369
603,-0.045849,-0.999270,1.494649,-0.058285,-1.032988,62.787841
604,0.403072,-0.781657,0.077925,-1.152390,-0.559835,-94.812645
605,0.327477,0.293569,-0.614139,2.561951,-0.857229,197.084988
606,0.187232,0.018814,-0.767707,1.002825,-0.363557,45.596662
607,1.448359,-1.625744,0.219225,-0.031373,0.176898,60.805916
608,1.391787,-0.586922,-0.518198,0.268601,-0.786891,38.148084
609,-0.083297,0.026682,-1.117935,-1.791827,-0.030218,-233.160957
610,0.006663,-1.511753,-0.138986,-1.165379,0.847412,-117.626168
611,-0.270818,-0.517321,-0.998884,-1.058905,0.503775,-167.803142
612,0.170857,0.565256,-1.354731,-0.144089,-0.005783,-83.628349
613,1.104834,-0.130148,-0.055860,0.869131,0.745138,131.088971
614,0.668666,0.946111,-1.477166,-0.007933,1.416535,-35.351435
615,0.896233,-1.343499,-0.488122,1.304693,1.060380,125.174161
616,-0.768629,-1.249546,-0.188925,2.045415,0.419485,128.071949
617,-0.463549,0.007595,-1.775189,-0.614270,0.700050,-177.328245
618,0.321220,1.743504,1.226164,-0.725427,-1.714254,23.334792
619,1.669475,0.886125,0.247194,0.564848,-0.603031,142.372342
620,-1.240593,-0.807337,-0.480929,-0.149524,-0.020882,-107.575635
621,-1.296530,-0.484467,1.016528,-0.456864,-2.155047,-67.114654
622,1.250426,0.360978,0.902412,1.326655,0.149257,235.916835
623,-0.236977,-0.912209,0.361630,0.180639,0.410267,23.364260
624,1.145838,-0.368769,-1.612979,-1.922500,0.627277,-216.519797
625,1.163015,-1.089663,0.965256,-0.637999,-0.791340,34.239305
626,-1.088335,0.276205,0.705399,-1.539543,1.010839,-126.582054
627,0.121740,0.309932,0.384502,0.281396,0.719004,66.469728
628,0.384339,-0.228557,0.002203,0.563159,-1.398177,47.819827
629,1.248864,1.222019,-0.819763,0.508794,-1.433660,45.238176
630,-0.000691,-0.409604,1.836999,0.165769,-0.117190,123.692864
631,-0.230736,0.368408,-0.152949,-1.432781,1.910098,-119.809470
632,1.431915,-0.581033,-1.445328,0.872114,-0.708314,36.907798
633,-0.344646,0.615268,-1.523886,-1.132042,1.358832,-188.127118
634,-1.016040,-0.677001,-0.245582,-1.222461,-1.123266,-190.731538
635,-0.150836,0.173965,-1.396349,0.000776,-0.838268,-102.266680
636,-0.577789,0.828816,-0.332002,0.432873,0.347448,4.966986
637,-0.548463,-0.002782,-2.344979,1.157535,-0.457838,-73.182416
638,-0.006511,0.001661,-0.674251,-0.213174,0.524007,-54.788886
639,1.594281,-2.098221,1.503423,-0.540546,0.422696,100.286923
640,0.595250,-0.893024,-0.853132,-1.389570,-0.637540,-167.391433
641,0.456084,-0.409446,0.206437,-0.780163,1.249710,-25.032866
642,1.033759,-0.604546,-0.462546,0.305690,-2.068222,12.912321
643,1.472573,0.915961,0.389016,0.984128,0.314385,191.096847
644,-0.801649,-1.986238,0.620490,-1.282867,-0.206765,-134.739732
645,0.122475,0.066595,0.244928,0.384737,0.839979,66.046951
646,-0.417748,-1.000787,3.101732,-0.266652,-0.249204,137.273612
647,-0.111517,0.324315,0.383589,0.310800,1.114490,63.740424
648,1.250199,-0.968749,0.330505,-1.149072,0.099941,-34.703447
649,1.168182,0.302475,-1.117645,0.379067,-0.090216,18.496768
650,-0.584559,1.122365,0.969790,0.597546,0.478048,105.227648
651,0.274068,0.453381,-1.160888,0.294555,-1.538410,-48.191800
652,-0.268434,-0.672195,1.930369,0.473505,-1.102603,129.726453
653,0.018193,-0.037027,-1.186897,0.756123,0.512235,0.080947
654,0.088099,0.093712,-1.238780,0.299887,1.414615,-28.146991
655,-3.206684,-0.203365,-0.772445,-0.301001,0.537884,-213.908000
656,0.450356,2.921539,1.103710,0.140652,0.179964,134.283888
657,-0.818111,-0.288886,2.056315,-0.405993,-0.608381,44.783183
658,0.452770,-0.970228,0.041518,0.620500,0.881600,78.690742
659,-0.374144,0.685069,0.371360,-0.168103,-0.652925,-9.564497
660,-0.929000,0.901238,1.157134,1.125280,-0.207715,137.642016
661,-0.140178,0.227899,-1.263237,0.457666,1.871510,-18.652983
662,-0.135448,-1.082434,0.021824,1.083833,0.328452,84.529820
663,0.397354,-0.724673,-0.083620,0.051285,2.315839,38.108656
664,-1.122320,-0.629322,0.856326,-0.191563,-0.397703,-25.597310
665,0.646433,0.264596,-0.493387,-0.190510,0.621493,-8.369354
666,-1.715086,0.103425,1.360087,-0.644636,-1.070103,-61.393084
667,0.046673,0.987016,2.011832,1.145873,0.336007,244.113208
668,0.184518,0.658773,0.893521,0.019000,0.175876,74.776844
669,-0.198549,-0.305477,1.221056,1.819717,-1.411803,208.867538
670,1.560041,0.800681,0.165082,1.123276,-0.055524,187.981362
671,1.434095,-1.600628,-0.717205,0.440308,1.312930,58.118078
672,-0.755179,0.827590,-0.581848,0.885799,0.511267,23.769924
673,0.741350,-0.672126,0.415022,0.969429,1.065776,151.637827
674,-0.598192,-0.307126,0.631404,-0.158080,-0.309698,-8.602184
675,-0.001524,1.069069,-0.972096,-0.170544,0.249836,-61.565847
676,-0.777847,-0.593591,1.264356,1.376516,0.133250,162.045048
677,-0.580510,1.938254,-1.261697,0.355676,-1.152025,-67.022035
678,1.401363,1.616908,1.232874,2.216796,0.760294,363.326634
679,-0.617879,0.093575,0.129176,-2.410811,-1.075578,-246.542776
680,-0.907437,0.299215,-0.097044,-0.497240,-0.914424,-99.233142
681,1.158458,2.399006,1.074637,-0.119283,-0.846392,123.168604
682,0.642528,1.615452,0.656258,1.046959,-1.250538,164.531762
683,-1.208470,1.002292,-2.077250,-1.303297,0.875669,-278.338384
684,-1.752560,-1.418224,0.441518,1.245739,0.373568,49.750114
685,0.365405,-1.363402,0.717557,0.350832,-0.358423,73.660539
686,0.468981,-1.020152,-0.509083,-0.261825,-0.663825,-52.814084
687,-0.438010,-0.705568,0.466851,0.332073,-0.579470,24.582043
688,-0.407013,0.227087,-1.854407,-1.097847,-1.307307,-245.317167
689,-1.841854,0.293327,-1.571223,-0.667479,2.065003,-211.241727
690,0.018109,0.606311,0.317558,0.774918,-1.590199,76.396286
691,-0.026409,0.799640,0.905941,-0.766652,0.775696,4.820745
692,-1.919777,0.447907,-0.453313,-0.556204,1.444867,-141.299784
693,-0.352698,0.159815,-0.239640,-0.412172,-2.490952,-96.395805
694,1.310581,-0.741481,-0.315855,0.762885,0.871150,109.714981
695,-1.204513,0.976738,-0.755614,0.080918,-1.484661,-101.924123
696,1.161094,0.658897,0.493823,0.978832,-0.366249,172.089014
697,-1.612526,-0.289432,1.023469,0.544504,-0.421122,32.059920
698,-0.610133,0.589039,0.204919,2.368122,-1.147481,188.377848
699,0.841796,0.399293,-1.036838,-1.716144,-0.944685,-187.153524
700,0.157687,0.916362,-0.051362,-0.382473,0.352280,-16.145268
701,1.570897,1.040936,-1.558348,0.138842,-0.385055,-8.194910
702,1.884698,-0.072438,-1.378916,-0.158740,0.017990,-16.242914
703,-0.303084,-0.903205,-0.255285,-0.506851,0.362717,-79.695616
704,0.582878,0.244143,0.296266,-0.080311,0.209699,42.487222
705,-0.777909,-0.868635,1.531436,-0.227716,-1.845301,8.470660
706,-1.162388,-1.006653,0.807206,-2.611616,0.547397,-238.067706
707,0.022831,1.054917,-1.815647,1.232014,-0.144544,6.880017
708,1.577041,-0.322778,-0.681555,-1.678025,-0.072403,-125.604521
709,-1.577868,-0.648989,-1.188510,-1.036867,0.805736,-233.886062
710,1.455169,-1.004085,-0.913998,1.126693,0.625830,105.872989
711,0.277825,0.543368,-0.692016,1.940580,-0.482121,141.880487
712,0.077791,1.336549,-1.181695,-0.448836,-0.637849,-103.876550
713,-1.555802,0.963398,0.114511,-1.625302,-1.026842,-209.740750
714,1.779104,-0.391362,-1.216518,-0.740593,-0.466583,-71.971148
715,0.140569,-1.888806,1.433205,-0.357548,1.176415,58.483445
716,0.767473,-0.276751,-1.168565,0.147182,0.524711,-21.746851
717,-0.224035,-0.508246,1.179739,-0.137144,-0.251807,42.695469
718,0.704522,0.448649,0.195907,1.525656,0.109863,185.558091
719,-0.482207,-0.792347,-0.878777,-0.671965,0.646138,-136.789052
720,1.284409,1.420276,1.227367,0.173544,-0.834041,154.115817
721,-0.248013,-0.630688,0.779620,1.736040,0.736502,194.706549
722,1.223644,0.545788,1.330100,-0.171937,1.017280,140.801601
723,-2.083635,-1.357504,-0.864403,0.065535,-0.660038,-163.836438
724,-0.257810,-0.934546,-0.362514,-0.381291,-0.792132,-87.862899
725,-0.687562,-0.984189,-0.523934,-0.097975,-0.995352,-94.703657
726,-0.280616,-0.312623,0.658553,1.531786,-0.931456,150.103649
727,1.147396,-0.244293,-1.951562,-1.692397,-0.289959,-227.252255
728,0.748599,-0.181407,-0.297401,1.132974,0.696931,122.620646
729,-0.224481,0.459574,-0.360545,1.343560,-0.811352,81.875040
730,-0.268191,-0.926619,-0.347249,-1.198561,1.168084,-135.614714
731,0.480262,-2.178336,-0.576866,0.452097,-2.115003,-23.199568
732,0.463021,1.388966,-0.333293,0.606254,-0.462413,62.738835
733,1.153609,0.464756,0.075980,-1.015886,-0.794653,-39.025364
734,-1.410921,-0.621052,-1.789848,-0.735002,1.663472,-226.200485
735,0.872507,0.361254,-0.518413,-1.356464,0.094928,-109.096918
736,2.204880,1.533393,-0.081771,2.062637,2.324358,322.089532
737,0.579578,-1.868386,0.924372,-1.135581,1.985463,-12.623402
738,-0.254529,-1.364765,-0.841935,-0.565073,0.867439,-117.685706
739,-0.808238,-0.059915,0.770984,0.505880,-0.471837,50.484612
740,0.204376,0.768401,-1.462709,0.159662,-0.204846,-62.350673
741,0.868601,0.104943,0.639289,0.619345,-0.190576,132.692576
742,-0.717724,0.215961,-1.368817,3.609301,-0.176839,204.191515
743,-0.438700,-0.034206,-0.239639,0.295400,-0.162336,-10.541079
744,1.099363,-0.409050,-0.395197,-2.208686,-0.473141,-182.288366
745,-0.158456,0.773164,-0.242722,2.359933,1.778774,218.112398
746,0.577468,0.801148,0.133688,-1.095441,1.378988,-38.105833
747,0.339479,1.209300,-0.149649,1.152030,-1.368099,104.228477
748,0.838177,-0.221616,-0.032023,0.836245,-0.823673,97.647885
749,-0.233426,-0.009489,0.510798,-1.143870,0.872106,-69.903982
750,0.336356,-0.868662,1.960822,-0.865119,0.361511,55.732595
751,0.255478,-0.333626,0.678532,-0.462285,-0.529619,2.498367
752,-0.691592,-1.303750,1.173827,-0.319638,-0.074405,-0.832307
753,-0.660944,0.346700,2.143031,1.863039,-1.515417,254.805998
754,0.827134,-0.113247,-0.576236,-0.345711,0.002833,-30.907845
755,1.479048,0.256879,-2.137613,0.721298,-0.557899,-6.996986
756,1.577609,-0.819042,0.034425,1.130878,0.157073,166.841313
757,-0.017238,1.434023,1.558053,-0.260267,-0.420564,82.959495
758,1.723330,0.095663,1.225720,0.915925,0.927401,247.542000
759,-0.167350,-0.287911,0.005787,-0.608114,1.368842,-47.332448
760,1.297599,-0.319890,-0.321080,1.607037,-1.178629,163.309068
761,-0.176406,1.214196,-0.194668,-0.958154,0.628344,-85.161135
762,-1.300409,-0.715938,-0.617923,0.333394,-0.104974,-76.070808
763,-1.561320,0.628521,-0.732176,-0.337362,-1.486032,-157.357611
764,-0.147169,1.076244,-2.369477,0.061464,-0.395972,-142.514116
765,0.311004,-0.315883,0.398406,0.697558,0.711720,106.457827
766,0.384610,1.192697,-0.503733,-0.164453,-0.472544,-22.090542
767,-0.314326,-0.354562,0.329396,-0.545776,0.008568,-45.836140
768,-0.405081,-0.214911,0.393786,1.370835,-0.248131,123.322229
769,0.794154,1.680473,1.152226,0.678043,1.226285,200.390368
770,-0.409271,-2.203730,0.994665,-0.312532,0.050623,-6.543344
771,-0.317697,1.881584,1.137929,1.372169,1.434430,216.338701
772,-0.942656,1.291198,-0.120605,0.933776,1.247641,62.497756
773,-0.657992,-1.270108,-0.312925,-0.781853,-0.299696,-135.706348
774,0.337980,-0.098100,0.526762,-1.449678,0.260840,-79.000186
775,1.158924,0.696128,-0.375691,0.552184,-0.023084,84.727497
776,0.849180,0.161404,-0.071859,2.079236,-1.024727,207.751032
777,0.908324,1.319448,1.040513,1.554334,-0.891636,246.774080
778,0.384949,0.600265,0.443160,-0.339251,-0.518391,14.408492
779,0.534112,0.358598,1.834876,-1.565163,1.112088,16.518976
780,-0.908212,-1.277275,-0.341923,-1.098615,0.768114,-163.674393
781,0.379823,1.073542,0.284855,-0.861837,0.130207,-29.159007
782,-0.527270,-1.070766,-0.694675,1.697201,-0.776870,63.311120
783,0.680511,1.799101,-0.421150,-0.384160,-0.238142,-14.200145
784,1.987680,-1.259929,0.788272,-1.263332,0.781324,22.013238
785,0.236916,-0.188018,1.403406,0.399512,-0.200977,129.252509
786,0.559015,3.149056,-1.444269,-0.918315,0.533821,-107.521626
787,-0.710687,-0.460391,-1.155682,-0.228587,0.335024,-124.792429
788,0.319707,-0.378737,-2.263799,-0.891134,0.257934,-207.074712
789,-1.188216,1.295621,-0.885621,-0.757672,0.819865,-152.174913
790,-0.119631,-0.329768,0.104849,-1.223168,0.094243,-109.875632
791,0.461894,0.367560,-1.345303,-1.784543,-0.152780,-220.089338
792,-1.936861,-0.869899,-0.655310,-0.519331,-0.773441,-192.391198
793,-0.000319,0.428291,0.689421,1.052730,-0.889565,130.209489
794,-0.264734,1.407140,-0.311276,0.209234,-0.871265,-8.712110
795,0.798252,-0.553107,0.586458,0.865986,2.320915,172.218232
796,0.847362,-0.596152,-0.900371,-0.994678,-0.150717,-114.809397
797,0.337971,0.973784,1.249157,-0.099444,1.995620,118.905470
798,-0.363982,-0.827326,0.345197,-1.981510,-1.355489,-196.706755
799,0.720140,-0.564133,1.016770,1.049581,0.170283,185.221669
800,-0.443507,-2.304152,-1.041688,0.042276,0.719025,-96.255812
801,0.160334,-0.283289,-0.351235,1.315922,0.726377,108.448000
802,0.333916,1.281557,0.359748,-0.807747,-1.188705,-35.807696
803,0.797918,0.611145,1.361516,-0.565075,-0.365126,72.254149
804,-0.976155,-0.471321,1.326551,1.182521,0.559370,146.297119
805,0.412264,1.499616,-0.618508,-0.963864,0.186590,-87.957588
806,0.875545,-0.431974,0.378098,-0.411506,-0.042408,20.969078
807,0.190382,1.859257,2.111763,-0.595581,-0.693862,97.933398
808,-0.645545,1.275283,0.317781,-1.236295,0.057198,-105.016707
809,1.798880,2.109395,0.121236,-2.914992,1.208011,-134.483903
810,0.553230,-0.248325,1.824401,1.266584,-0.546470,242.084050
811,0.459624,-0.361439,-0.665064,-0.837660,-0.088088,-100.378559
812,0.717719,0.286300,-0.628052,-0.825030,0.751966,-68.168720
813,0.512954,-0.761189,-0.620007,-0.930026,-0.034087,-106.887391
814,0.970136,-1.245353,0.136179,-0.252162,-1.883739,-7.009312
815,0.709087,1.570511,-1.473906,1.023812,0.340905,51.735397
816,0.120100,0.054233,0.711521,-0.082535,0.993656,55.120770
817,-0.296607,-0.822228,0.675532,0.465591,-1.203388,46.742261
818,0.230823,0.449444,0.731697,-0.193403,-0.721084,34.623550
819,1.368787,-0.396517,-1.305369,-0.162608,0.975542,-26.630646
820,-0.629664,-1.099232,-0.279019,0.208543,0.976210,-26.350499
821,0.101328,1.139181,0.941219,-0.091730,0.255195,70.028469
822,0.471624,1.141928,-0.114954,-0.380853,1.175287,6.567917
823,0.168871,0.229021,0.373618,1.706847,0.605854,192.646406
824,0.015426,1.757815,1.110576,-2.491927,0.097004,-132.280901
825,0.295490,0.921693,-0.015346,-1.699207,-0.791383,-139.191517
826,-1.027776,0.949460,1.463231,0.313760,-0.799958,73.210877
827,1.810733,0.535158,1.875200,0.786085,0.655624,281.698628
828,0.681389,-0.902751,0.152904,-1.300079,-0.212869,-87.741424
829,-0.227029,-0.230930,1.437413,-0.403308,0.477596,47.219952
830,2.040859,1.498427,-0.193408,0.472356,1.179081,151.540720
831,0.503906,-0.110678,-0.318006,-0.574321,-0.577693,-56.822580
832,0.231013,-2.516592,-0.232439,-0.447002,-0.831519,-80.585776
833,-0.412846,-0.168704,1.083214,-0.588765,-1.577852,-24.710811
834,-1.147180,-0.608692,0.488772,0.985637,1.481861,78.788044
835,-2.329581,1.623915,0.307050,-0.662799,-1.859139,-150.146355
836,0.860063,0.370414,0.783210,-1.346324,-0.174892,-30.753406
837,-0.728395,1.341731,0.647895,-2.115617,2.207606,-139.212530
838,0.029282,1.792122,1.288569,-1.178039,0.331703,-0.451469
839,-1.175884,2.040690,-0.903942,-0.067923,-0.371560,-98.377224
840,-0.177225,-0.633637,1.076205,0.078333,-1.871778,36.385435
841,0.627254,0.825892,-1.783502,1.066874,0.525059,27.031763
842,2.079045,-0.314804,0.549251,0.022358,-0.398760,121.191956
843,1.002958,0.637516,-0.449152,-0.536050,-0.659205,-32.240184
844,-1.040332,-0.334008,0.264903,-1.212499,3.061052,-103.755715
845,1.820458,-1.594657,-0.179071,-0.105736,0.010236,44.194273
846,-0.069047,-1.105893,-0.251560,-1.044861,0.021142,-123.160617
847,-0.437214,-0.944349,0.538863,-1.275810,0.042736,-108.907907
848,0.893047,-0.308747,-0.465274,-1.141730,1.265414,-78.281912
849,-1.223440,-2.289035,-1.421415,1.349480,-0.173471,-49.437139
850,1.035951,0.032263,-1.137134,0.245252,2.409461,27.308824
851,-0.594171,-0.577064,0.782382,1.129898,-1.034325,104.139231
852,1.796542,0.445047,1.097386,2.377351,0.688506,373.686186
853,-0.197212,0.420924,-1.488038,0.083814,-1.649049,-110.082413
854,-0.600069,-0.315930,-0.047017,-0.317482,-1.002548,-73.792447
855,0.596696,-0.404761,1.153988,-0.777946,0.424765,30.464481
856,0.335781,-1.036138,0.297330,0.486854,-0.747127,56.780630
857,-0.713690,-0.663785,-1.026871,0.032089,0.227397,-97.233686
858,-0.385835,-0.408476,0.172404,-0.826655,-0.281835,-87.957818
859,-0.514976,-0.123073,-1.642129,0.302344,0.878688,-89.115164
860,1.314786,-0.798683,2.306315,-0.915593,-0.015694,112.553230
861,-0.732371,-0.028585,-0.910573,-1.346157,0.528345,-203.202349
862,0.538728,-0.191205,-0.900816,0.932662,1.175440,63.606162
863,0.535327,-0.244021,-0.163081,0.215133,-1.245977,15.069740
864,0.527763,0.372641,-1.412963,1.407006,0.815312,74.709198
865,0.164876,-0.423139,0.828203,1.806704,-1.629675,195.461337
866,0.072251,0.739520,0.882824,-2.512926,0.398438,-152.828536
867,-2.244879,0.853013,0.385091,-1.038020,-0.458864,-165.840861
868,-0.090697,0.047297,-0.724553,-0.570060,-0.315096,-103.427378
869,0.806146,1.311719,0.821277,0.040937,-1.570607,85.305050
870,-1.093057,-0.626641,-0.876247,-0.973223,0.098047,-195.730386
871,-1.424723,0.224520,1.004792,0.115095,0.044463,11.970625
872,0.543724,-0.149018,1.005476,1.081700,-0.306375,178.100525
873,-1.525909,0.513648,-0.157524,0.975681,-0.401730,9.150628
874,-3.001674,-0.245319,-0.034643,0.169049,-0.691404,-132.498167
875,-1.209145,-0.029916,0.758089,-0.332064,0.326967,-32.771435
876,-1.686864,-0.315903,-0.789484,-0.014242,0.232365,-126.542067
877,-0.831665,-0.697124,0.797736,-1.303276,0.855388,-100.365876
878,-0.336298,-2.023806,-1.081753,1.345942,-2.186635,-11.003121
879,-0.324017,0.184755,-1.555942,-1.940747,-0.446145,-288.103308
880,1.822731,-0.170544,0.299325,-0.400430,-0.341201,58.730948
881,0.508485,0.535650,-0.127224,0.583912,-0.631495,64.642825
882,1.900594,-1.000924,2.128197,1.742043,-0.130353,360.847578
883,-0.049439,-0.708830,-0.510894,-1.248081,-1.231380,-167.816320
884,0.756721,1.396435,0.199797,-0.597310,-0.632496,-0.052328
885,-0.686607,1.973694,0.690539,0.827483,-0.142259,104.986264
886,1.509500,0.101706,1.119548,1.828581,-0.825657,290.974660
887,1.225207,-0.028558,-0.363648,0.398931,-0.530036,60.815305
888,0.824325,0.835573,1.129164,0.555684,0.482467,171.415572
889,0.986441,-1.035455,0.186527,0.736150,-0.569086,103.515977
890,1.101203,0.460823,0.465623,1.496935,-0.152838,214.698094
891,-0.990198,-0.099114,-0.369579,-0.073352,0.472424,-68.990043
892,-1.224095,1.241632,-0.188263,-1.040045,0.215674,-143.550554
893,-1.332832,1.181337,1.370882,1.092528,0.075437,136.339824
894,0.057321,-1.912876,-0.135669,-0.827828,-1.073159,-112.949229
895,1.557780,1.382871,-0.836822,0.395501,-0.324357,63.328400
896,0.062390,0.407717,-1.337778,0.284977,1.844784,-28.141864
897,-1.035725,-0.923321,0.907359,-0.406115,-0.736129,-44.747888
898,-1.450872,-1.604661,1.862310,0.976592,-0.433538,116.149498
899,-0.489203,-0.782896,0.181021,-0.162571,0.020857,-32.945691
900,1.529306,1.415715,-0.052254,0.488590,-0.423288,118.374660
901,0.941988,0.894365,0.890480,-0.722690,1.579114,62.216921
902,-0.490788,1.337548,0.690678,-0.739190,-0.571129,-37.825656
903,-1.062020,-1.817706,0.061890,-1.698761,-0.092794,-215.264621
904,-2.234148,-0.423645,0.302318,0.069233,0.260345,-76.050094
905,0.133444,-1.180077,-0.667925,-0.976106,0.954647,-123.146119
906,0.966307,-0.787966,1.339514,0.108060,1.832815,150.885066
907,0.049133,0.154272,-0.011248,-1.350810,-1.083150,-130.613491
908,0.654131,0.371169,-0.466082,0.527091,0.581646,58.206775
909,0.739127,-1.159124,-0.428990,1.809632,-0.103327,153.930254
910,-1.525518,-0.648571,0.746617,0.697768,0.234998,36.644840
911,-0.656137,-0.005063,-0.622900,-1.925345,-1.216663,-254.876589
912,-0.609416,-1.394185,0.323367,-0.377303,0.856412,-44.800650
913,-0.147905,-0.884454,-0.303505,-2.661736,0.401462,-266.907263
914,0.147318,0.362740,0.907758,-0.677605,-1.016881,-6.085302
915,0.475967,0.931054,-0.710792,1.670602,-0.233118,132.816427
916,0.855229,0.075255,0.115348,-0.305605,-1.434570,1.348628
917,1.209480,-2.846208,-0.874373,1.488409,0.824780,112.626713
918,1.927077,1.519461,-0.268186,-0.112978,-0.768449,65.846921
919,-0.436235,-0.001175,0.149424,-1.306156,-0.662962,-134.590626
920,0.477647,-0.664005,0.381074,-0.987472,0.730761,-40.763629
921,-0.946333,-0.679258,-0.007202,-2.686185,2.380028,-259.597007
922,0.480623,-0.745987,-1.051877,0.918640,-0.163205,27.827244
923,-0.230558,0.470804,0.709826,1.485434,-0.201977,168.911617
924,-0.882259,1.016350,-1.328708,1.059432,0.613017,-9.712992
925,2.117135,0.026514,-0.542664,-0.429536,0.671675,31.259709
926,-0.360614,1.978977,1.321423,0.082335,-0.386246,89.475344
927,0.374962,-0.227967,0.650953,-1.070356,-0.732568,-49.562613
928,-1.251249,-0.024859,-0.023768,0.599432,1.123121,9.354107
929,-1.006101,0.472606,-1.153242,1.198509,1.998202,19.738959
930,-0.469244,-0.225392,2.957182,0.500683,0.528462,212.167780
931,-0.607928,-0.110812,-1.141033,1.407884,0.333618,29.991845
932,-1.279124,0.975464,-0.263462,-1.437148,-1.093342,-205.151804
933,-0.015750,0.603021,1.429018,-1.772706,-0.327915,-67.213665
934,0.688959,-1.170676,1.308157,-0.448203,0.190789,62.649409
935,1.846782,-0.178744,0.717866,0.083718,-0.207278,130.495733
936,-0.837626,0.601972,1.494755,1.677556,-2.143352,184.898067
937,-0.005280,-0.076248,-0.621805,1.877294,1.282885,143.488241
938,0.305484,-0.728482,1.108301,-0.892108,-0.230667,-7.322247
939,-0.076067,-0.169155,0.216535,-0.518143,-0.193160,-40.238789
940,0.089203,-0.084257,-0.977697,-0.079602,0.837910,-54.530638
941,0.400898,-1.532975,-1.545439,0.624026,1.361128,-21.980396
942,-0.008696,-0.286229,1.115707,0.195347,0.577796,90.918115
943,-1.312421,1.427722,1.107037,-0.967903,-1.187105,-75.695943
944,-1.639872,-0.399702,-0.832998,-0.475240,-0.710033,-180.621815
945,0.426808,0.104636,-2.019504,0.136251,0.664934,-85.276416
946,1.907683,-0.559910,0.662848,-0.505405,0.330100,79.854935
947,-0.944667,-1.208203,0.675841,-0.148147,1.268163,-10.476385
948,-0.146217,0.717484,1.618570,-1.556427,0.639364,-28.833067
949,-1.732722,-0.189229,-1.149501,-0.905518,0.029067,-231.500731
950,-0.603369,0.164490,-0.516327,1.584269,0.842030,94.122810
951,-1.335837,0.078018,-1.080752,0.188856,-0.064551,-110.560549
952,0.775332,0.560977,2.226295,1.898312,0.505344,354.668731
953,0.636562,-0.425210,-0.024160,-1.721103,1.003625,-118.203491
954,-0.119125,0.232813,0.932516,0.620507,-0.730313,101.587051
955,0.584600,-0.440298,-0.731256,-0.409957,-0.203294,-62.804235
956,0.458662,-1.149447,-0.041832,-1.411804,0.225653,-117.102839
957,0.756514,1.811406,-0.009281,0.092910,0.263053,63.751589
958,0.351032,1.222436,-0.695894,0.421772,1.135005,36.591655
959,-0.916482,1.288660,-0.473342,0.263361,0.867828,-22.965639
960,-0.184397,0.019591,1.071255,0.445880,-0.004011,98.461341
961,0.124687,-0.363051,-0.798165,0.905847,0.370336,37.321165
962,-0.620707,-0.361234,0.836868,0.011820,0.694311,30.257406
963,0.291523,0.648569,-1.459467,0.014754,0.420443,-64.428648
964,-0.006195,-0.245085,0.268923,0.069444,1.832741,42.573459
965,-0.683886,1.971942,-0.466408,-0.684749,-0.611753,-107.448221
966,-3.452531,0.212262,0.636056,0.576910,-0.357969,-65.615815
967,1.721290,1.156808,0.099853,-1.128670,-0.248294,-8.169960
968,-0.366488,-1.897715,-0.320290,-0.134327,1.478771,-49.978910
969,-1.118505,0.316500,-1.522456,1.523661,-1.064511,-19.136983
970,-0.541719,0.391031,-0.805511,1.027392,-0.374481,16.443913
971,0.923849,1.064347,-0.132118,-1.286651,0.953645,-58.649653
972,-0.263974,1.188516,1.730389,0.816028,-0.491042,175.116924
973,0.409869,0.011972,-0.818226,-0.338349,-0.302228,-66.502127
974,-0.811164,-1.033529,-0.328673,-0.486233,-0.797717,-120.846495
975,1.559263,-0.528603,-0.692543,-0.470402,1.050386,-7.763251
976,-1.335492,-1.481844,-1.167393,1.264826,-0.509927,-41.733089
977,1.540570,1.039626,-1.749720,0.979828,0.299483,61.636546
978,-0.274995,-0.012732,0.502161,-0.404719,-1.346226,-33.908997
979,0.327266,1.706619,1.032278,1.357130,-1.475155,199.671049
980,-0.489663,1.473796,-1.552400,-0.148719,-1.055836,-129.622431
981,-0.844461,-0.191648,-1.013464,-1.022642,-0.864434,-204.734780
982,-0.315434,-0.086639,1.077921,1.867606,0.677483,226.853057
983,-0.308407,0.617410,0.022570,-0.638370,-0.263944,-65.974687
984,-0.079824,-0.469235,0.272417,0.190319,-1.165591,10.920031
985,-1.341137,-0.953301,0.115905,1.263150,-2.002722,24.916114
986,-1.531486,-1.169555,0.771910,0.479133,0.096129,11.249858
987,-0.707027,-0.951090,0.164126,0.471013,0.731100,19.767635
988,0.780779,0.383162,-0.879793,-0.853654,-1.313743,-108.232482
989,-1.313624,-0.276393,-0.688547,0.460974,0.175089,-61.480640
990,0.043105,1.069168,0.890199,-0.679666,-0.679740,-0.357469
991,-0.111086,-0.429141,0.638296,-0.604842,0.061057,-22.816507
992,0.077234,1.219668,0.364642,1.130092,0.228433,142.454249
993,1.577465,0.426148,0.802137,1.088914,0.342951,226.315116
994,1.373738,-0.520386,-0.956694,3.059186,-2.138360,242.530303
995,-0.602977,-1.817764,-1.043620,-0.468633,0.303158,-149.023696
996,-1.623561,-0.233480,-0.519278,0.081507,0.947481,-88.531015
997,0.854356,-0.642524,-0.126632,-0.502459,-0.674379,-29.607573
998,-1.680343,-0.302481,-0.366340,-1.125071,0.713336,-192.580530
999,-0.171631,-0.577464,1.011486,-1.359549,0.559145,-64.905545
